{
  "apps_tools": 0.9113585948944092,
  "ARSDK3": 0.9217231273651123,
  "dragon_build": 0.9445645809173584,
  "Alchemy": 1.381019115447998,
  "Samples": 1.1852500438690186,
  "ARSDKBuildUtils": 1.3329520225524902,
  "arsdk-xml": 1.190981388092041,
  "ARSDKTools": 2.128146171569824,
  "libARCommands": 1.6282269954681396,
  "libARController": 2.5589308738708496,
  "libARDiscovery": 2.089963436126709,
  "libARMavlink": 1.5841166973114014,
  "libARNetwork": 1.98757004737854,
  "libARDataTransfer": 5.075614929199219,
  "libARNetworkAL": 2.5466744899749756,
  "libARSAL": 1.5437753200531006,
  "libARStream2": 1.9496235847473145,
  "libARStream": 2.461625576019287,
  "libfutils": 1.430616855621338,
  "libARUtils": 2.841947555541992,
  "libARUpdater": 3.996511220932007,
  "libmux": 1.2718818187713623,
  "libpomp": 1.143219232559204,
  "librtsp": 1.2520663738250732,
  "libsdp": 1.0080275535583496,
  "libARMedia": 10.211397409439087,
  "libtar": 0.99485182762146,
  "ulog": 1.0069177150726318,
  "arsdk_products": 0.9320874214172363,
  "mavlink.git": 1.8923497200012207,
  "libpuf": 4.559020757675171
}